cluster,nivel_riesgo,cantidad_registros,puntaje_riesgo,mp25,mp10,so2,no2,humedad,velocidad_viento
0,Bajo riesgo,9,0.113759808357158,35.422222222222224,64.80000000000001,22.677777777777777,33.333333333333336,63.55555555555556,5.088888888888889
1,Riesgo moderado,23,0.23540026077631737,41.30869565217392,72.17826086956521,20.752173913043478,32.51304347826087,79.4,2.3600000000000003
2,Riesgo crítico,28,0.9899100983149444,59.478571428571435,98.96428571428571,30.653571428571432,33.246428571428574,89.33333333333333,1.5266666666666666
